,,1997-98,,,,,,,,,,,,,,2015-16,,,,,,,,,,,,,
,,E-index,,,,,,,Anomaly corrected,,,,,,,E-index,,,,,,,Anomaly corrected,,,,,,
,,Control,06-02,06-08,06-11,09-02,09-11,12-02,Control,06-02,06-08,06-11,09-02,09-11,12-02,Control,06-02,06-08,06-11,09-02,09-11,12-02,Control,06-02,06-08,06-11,09-02,09-11,12-02
Country Name,Country Code,,,,,,,,,,,,,,,,,,,,,,,,,,,,
Aruba,ABW,0,0,0,0,0,0,0,,0,0,0,0,0,0,0,0,0,0,0,0,0,,0,0,0,0,0,0
Africa Eastern and Southern,AFE,0,0,0,0,0,0,0,,0,0,0,0,0,0,0,0,0,0,0,0,0,,0,0,0,0,0,0
Afghanistan,AFG,12.59832296,-3.534208184,0.051660978,-2.832114234,-2.544234239,-0.86657375,-0.762176853,,-1.230559882,0.420527752,0.243404546,-2.685619547,-0.414934759,4.051920492,9.614430184,-9.614430184,-2.240821279,-5.198544987,-8.113176907,-4.185574573,-1.676348371,,-9.614430184,-9.614430184,38.81989362,50.15993597,-9.614430184,-9.614430184
Africa Western and Central,AFW,0,0,0,0,0,0,0,,0,0,0,0,0,0,0,0,0,0,0,0,0,,0,0,0,0,0,0
Angola,AGO,-769.9212528,215.9860483,-3.157157089,173.0789841,155.4857753,52.95891758,46.57891049,,553.8813742,-24.00478172,651.0020294,121.3053824,75.58342541,-97.71074497,-557.3570612,557.3570612,129.9024008,301.3642723,470.3280747,242.6414773,97.17940466,,363.7235249,263.1853467,325.422397,335.5653378,410.1652453,-21.72658937
Albania,ALB,22.62086361,-6.345832023,0.092759642,-5.085190307,-4.568288643,-1.555972701,-1.36852331,,-5.451982698,1.297760977,-14.08839078,-22.62086361,-5.627354458,-0.466013591,20.34654439,-20.34654439,-4.74213955,-11.00142435,-17.16951613,-8.857725024,-3.547573375,,-4.089276044,61.83813752,13.91225195,7.095041584,37.12464065,36.01760253
Andorra,AND,0,0,0,0,0,0,0,,0,0,0,0,0,0,0,0,0,0,0,0,0,,0,0,0,0,0,0
Arab World,ARB,0,0,0,0,0,0,0,,0,0,0,0,0,0,0,0,0,0,0,0,0,,0,0,0,0,0,0
United Arab Emirates,ARE,-16370.29988,4592.361061,-67.12843441,3680.058008,3305.985851,1126.028615,990.3749637,,6119.693658,-871.0623891,16370.29988,16370.29988,6186.232142,-8594.759186,-5111.129887,5111.129887,1191.243619,2763.599937,4313.048217,2225.094455,891.1640206,,2925.578578,-1045.604745,-4239.812234,-11916.551,-5702.670385,-2014.306347
Argentina,ARG,-83.02818891,23.29190207,-0.340467333,18.66481089,16.76756197,5.711081487,5.023062509,,-45.44939209,-0.258407468,44.73458889,-21.32897077,-3.56431605,-6.321491981,-43.53073431,43.53073431,10.14564502,23.53717031,36.73359124,18.95079908,7.589911638,,1.04482572,19.54004559,-6.701840007,5.41907225,13.24856732,19.47838261
Armenia,ARM,33.69150208,-9.451478797,0.138156161,-7.573879705,-6.804006645,-2.317464903,-2.038277881,,1.501767918,1.220375906,-33.69150208,-16.25710219,-21.61701493,-20.30884353,53.13716035,-53.13716035,-12.38460079,-28.73138743,-44.84001381,-23.1328891,-9.264864425,,-53.13716035,-53.13716035,15.25302054,-53.13716035,-53.13716035,-53.13716035
American Samoa,ASM,0,0,0,0,0,0,0,,0,0,0,0,0,0,0,0,0,0,0,0,0,,0,0,0,0,0,0
Antigua and Barbuda,ATG,0,0,0,0,0,0,0,,0,0,0,0,0,0,0,0,0,0,0,0,0,,0,0,0,0,0,0
Australia,AUS,-881.0875316,247.1715302,-3.613008131,198.0692627,177.935831,60.60547335,53.304279,,335.5130992,-5.763165603,407.1551083,178.6130171,-101.9432184,87.51899211,-579.7704052,579.7704052,135.1262463,313.4832201,489.2416683,252.398969,101.0873401,,137.4137833,91.00698264,-17.61886317,117.2803015,276.6368058,51.7147434
Austria,AUT,-4956.303842,1390.39217,-20.32393541,1114.181523,1000.926708,340.9186144,299.8478509,,160.9507279,44.9052772,215.2838012,2575.608194,1110.015771,947.0026859,-2872.22765,2872.22765,669.4259268,1553.020238,2423.741251,1250.40411,500.79454,,1089.126446,-528.5036114,-3662.709641,-1778.675551,-5097.007276,-3393.405439
Azerbaijan,AZE,-27.61729964,7.747482479,-0.113248145,6.208393583,5.577320057,1.899651803,1.670799089,,12.73110378,0.005872709,27.61729964,17.32705249,14.57466855,21.47319406,-63.8959842,63.8959842,14.89214424,34.54870876,53.91889208,27.81666741,11.14074646,,63.8959842,63.8959842,63.8959842,63.8959842,63.8959842,-107.7343537
Burundi,BDI,-112.5028027,31.56041697,-0.461331623,25.29073034,22.71996704,7.738488361,6.806225904,,42.30504576,-1.471982441,31.07305035,2.89260401,-0.729710463,16.59776954,-47.34639894,47.34639894,11.03495644,25.60030913,39.95345571,20.61192184,8.255201526,,-12.96164042,16.8154928,30.10589573,-3.645163562,18.75904894,18.0316171
Belgium,BEL,-4683.024778,1313.72918,-19.20332089,1052.748145,945.7379381,322.121155,283.3149379,,-751.4189862,-205.5369774,4683.024778,1155.623164,4683.024778,3076.897868,-2720.709575,2720.709575,634.1118292,1471.094059,2295.882093,1184.441782,474.3762216,,1784.346889,2264.7049,2720.709575,2720.709575,2699.656205,175.7026201
Benin,BEN,-458.9207843,128.7410711,-1.881861297,103.1658015,92.67915865,31.56679713,27.76391749,,-448.8277307,9.781948243,-104.9524436,-153.51986,-346.0166171,-220.2373475,-264.5971439,264.5971439,61.66927203,143.0682973,223.2814006,115.1905059,46.13450642,,33.85650756,158.9772866,136.9096585,98.93347135,144.4513891,-6.286800857
Burkina Faso,BFA,-139.7136508,39.1938776,-0.572913063,31.40775327,28.21520413,9.61018246,8.452435378,,139.7136508,-11.35229519,-68.61684692,139.7136508,139.7136508,139.7136508,-103.274183,103.274183,24.06996384,55.84059335,87.14834894,44.95968934,18.00663223,,-27.42823268,91.31144393,71.10763466,92.15673437,88.91653005,-11.14270738
Bangladesh,BGD,-80.10660697,22.47231054,-0.328487025,18.00803667,16.17754782,5.510120913,4.84631183,,33.65452083,-1.610291755,-14.31133793,-35.81392185,-4.929464226,-9.29003394,-81.02602804,81.02602804,18.88461867,43.81096371,68.37415083,35.27411154,14.12749872,,-40.0584781,-26.88264621,-51.35643042,-114.8801641,-80.21888441,-123.1595155
Bulgaria,BGR,362.3097762,-101.63878,1.485695939,-81.44756072,-73.16854319,-24.92142347,-21.9191178,,5.223444493,13.50695759,-178.2681864,-362.3097762,-64.89328659,-77.36617798,351.5629567,-351.5629567,-81.93826773,-190.0909166,-296.6678636,-153.0504611,-61.29765139,,-121.8337615,365.9666529,107.5691107,3.97001074,56.09159031,178.3964921
Bahrain,BHR,0,0,0,0,0,0,0,,0,0,0,0,0,0,0,0,0,0,0,0,0,,0,0,0,0,0,0
"Bahamas, The",BHS,0,0,0,0,0,0,0,,0,0,0,0,0,0,0,0,0,0,0,0,0,,0,0,0,0,0,0
Bosnia and Herzegovina,BIH,36.51733943,-10.24421109,0.149743856,-8.209130461,-7.374685152,-2.511839701,-2.209236176,,1.121442553,1.598612225,-15.73901693,-35.90990741,-7.894089184,-9.192403048,35.22558532,-35.22558532,-8.20997601,-19.04655673,-29.72525671,-15.33521087,-6.141846311,,-14.8223056,26.17317008,5.459789568,6.668278072,-0.265358774,40.6935539
Belarus,BLR,-175.6518687,49.27562768,-0.720282159,39.48669668,35.47293554,12.08218737,10.6266357,,-160.2899502,-11.74803291,175.6518687,89.59506757,-111.6807123,20.93740266,-210.6481197,210.6481197,49.09545132,113.8979332,177.7562921,91.70417764,36.72808742,,166.7989012,161.4575256,203.62339,210.6481197,210.6481197,156.8349617
Belize,BLZ,0,0,0,0,0,0,0,,0,0,0,0,0,0,0,0,0,0,0,0,0,,0,0,0,0,0,0
Bermuda,BMU,0,0,0,0,0,0,0,,0,0,0,0,0,0,0,0,0,0,0,0,0,,0,0,0,0,0,0
Bolivia,BOL,-799.9113101,224.3991607,-3.28013502,179.8207757,161.5422743,55.02177917,48.39325734,,429.2959003,-9.220289095,261.9707253,-15.12959365,49.74661603,-50.54401335,-571.5360656,571.5360656,133.2070807,309.0308933,482.2930865,248.8142071,99.65162095,,532.7274624,313.8024515,281.516176,314.0649988,170.4578397,360.4010224
Brazil,BRA,-2167.985702,608.1851396,-8.890092854,487.3651186,437.8252144,149.1245704,131.1594031,,-3523.768083,54.50150122,-992.6030613,-1654.001143,-1466.765571,-1079.594437,-1296.918328,1296.918328,302.270871,701.2467865,1094.409926,564.6042741,226.1274859,,648.0965473,241.6639349,282.8177674,-160.703106,-2.816582882,-248.7258141
Barbados,BRB,0,0,0,0,0,0,0,,0,0,0,0,0,0,0,0,0,0,0,0,0,,0,0,0,0,0,0
Brunei Darussalam,BRN,-15055.33298,4223.47333,-61.73625041,3384.452277,3040.427981,1035.578815,910.8217299,,-2890.078019,-103.2819558,2825.110083,368.168017,-44.7079322,-1901.759251,-6103.942623,6103.942623,1422.637042,3300.416116,5150.837375,2657.308499,1064.268405,,1497.769193,3238.817729,1135.950155,1364.019952,1908.542409,332.0966032
Bhutan,BTN,-115.4887148,32.39805505,-0.473575724,25.96196604,23.32297268,7.943873876,6.986868446,,74.78455496,0.407771313,-371.0214955,-233.8190585,-19.00637437,-220.7791616,-138.2482812,138.2482812,32.22132611,74.75117042,116.6613872,60.18541707,24.10462986,,-33.55680276,-53.75064172,-113.7079993,-111.0255535,-15.50832449,-137.7499391
Botswana,BWA,-1550.672839,435.0103306,-6.358725295,348.5926366,313.1587388,106.662798,93.81303748,,-5017.778905,-342.1194526,1550.672839,-3805.245601,-853.4733494,-4545.443251,-937.9768521,937.9768521,218.6129026,507.1662874,791.5156687,408.3416268,163.5433341,,738.9786769,430.6031117,-77.46682925,727.7838155,937.9768521,226.972641
Central African Republic,CAF,-217.0974422,60.90235655,-0.890234847,48.80369857,43.84287872,14.93301491,13.13402155,,-48.82311723,5.457840808,-24.50393845,50.90582693,-92.07585429,-237.1243268,-79.24914759,79.24914759,18.47048373,42.85020027,66.87472287,34.50055913,13.81768622,,63.59516329,42.99214425,41.49773938,3.85833474,39.04601518,-2.106915366
Canada,CAN,-3953.649393,1109.117466,-16.21242713,888.7839085,798.4404103,271.9511789,239.1889827,,1347.433413,-135.129999,1390.186867,1972.066137,1565.766765,-264.8015964,-2337.434925,2337.434925,544.7825632,1263.856555,1972.454185,1017.585858,407.5493975,,703.9005655,-456.4458906,-128.5535472,-404.2311436,800.6532156,-493.7133286
Central Europe and the Baltics,CEB,0,0,0,0,0,0,0,,0,0,0,0,0,0,0,0,0,0,0,0,0,,0,0,0,0,0,0
Switzerland,CHE,-7644.566198,2144.530546,-31.34748688,1718.505297,1543.821914,525.8303362,462.483096,,3984.258456,-162.8181156,5212.40328,3128.042878,2050.080517,666.492545,-4357.47582,4357.47582,1015.590561,2356.097412,3677.074098,1896.996457,759.7587534,,4021.576228,-1522.286145,2379.342793,1662.260181,-2095.99357,-2279.365049
Channel Islands,CHI,0,0,0,0,0,0,0,,0,0,0,0,0,0,0,0,0,0,0,0,0,,0,0,0,0,0,0
Chile,CHL,-2155.303561,604.6274181,-8.838088174,484.5141622,435.2640532,148.2522313,130.3921554,,-5.343476972,24.5505148,68.19827056,-756.8857571,-369.527697,-488.8225632,-1664.555265,1664.555265,387.955478,900.028942,1404.641885,724.6524295,290.2277569,,89.96889513,365.1145706,129.0149524,368.7751054,283.5884051,331.8301625
China,CHN,-235.483844,66.06029478,-0.965630556,52.93697809,47.55601682,16.1977208,14.24636721,,118.9285354,-5.086245801,0.350644655,25.25329333,29.28010561,19.06435169,-493.0927685,493.0927685,114.9244154,266.6164183,416.098384,214.6644694,85.97444085,,30.25912826,-62.90822642,-47.64768226,-201.7897119,-280.3190486,-172.8700011
Cote d'Ivoire,CIV,-1053.290811,295.479725,-4.319148924,236.7807134,212.7123231,72.45045002,63.72228098,,-148.2148018,-19.80494437,292.8467247,65.3137619,-124.869754,-24.93668668,-547.0638439,547.0638439,127.5033756,295.7987056,461.6421005,238.1603975,95.38470464,,83.25365567,225.7872675,297.3484781,200.0449663,230.8669453,-10.53184117
Cameroon,CMR,-537.3373933,150.7392864,-2.203418278,120.7939251,108.515411,36.96067179,32.50798735,,-238.9026441,-15.35340564,339.7780967,205.8487814,-79.71986712,-253.3206195,-319.6544023,319.6544023,74.50138729,172.8378863,269.7416972,139.1592963,55.73415442,,178.4499409,118.928401,187.4335035,77.71947775,104.3574233,-52.86262448
"Congo, Dem. Rep.",COD,-133.7392623,37.51788209,-0.548414346,30.06470541,27.00867499,9.199235047,8.09099516,,21.63234693,-1.094375536,-5.907248308,17.65495343,9.96358698,-28.90334245,-79.32961688,79.32961688,18.48923859,42.89371021,66.94262722,34.53559087,13.83171665,,45.19149999,66.81700462,69.16043689,25.81511584,51.74881907,30.23019408
"Congo, Rep.",COG,-837.141733,234.8434131,-3.432802962,188.190208,169.0609668,57.58266821,50.64563384,,677.4164983,-21.61811426,480.0673252,837.141733,771.9324378,118.1410402,-407.7633621,407.7633621,95.03681458,220.4786078,344.0928094,177.5169123,71.09661567,,407.7633621,407.7633621,407.7633621,407.7633621,358.3926257,-124.5774396
Colombia,COL,-1838.87159,515.858741,-7.540519833,413.3799729,371.3605433,126.4865058,111.2485658,,1358.970119,-18.44717118,1182.837643,447.542241,198.657126,-68.00746113,-1306.78576,1306.78576,304.5706591,706.5821302,1102.7366,568.8999913,227.847947,,807.6931434,297.5754555,595.4462704,265.9526901,298.6702114,-37.30812855
Comoros,COM,0,0,0,0,0,0,0,,0,0,0,0,0,0,0,0,0,0,0,0,0,,0,0,0,0,0,0
Cabo Verde,CPV,0,0,0,0,0,0,0,,0,0,0,0,0,0,0,0,0,0,0,0,0,,0,0,0,0,0,0
Costa Rica,CRI,-4229.501068,1186.502151,-17.34359096,950.7956111,854.14872,290.9255949,255.8775342,,1633.206249,-21.81930531,1853.290446,380.0301619,77.8261137,-53.5953576,-3151.599856,3151.599856,734.5388013,1704.077446,2659.49065,1372.026836,549.50519,,1656.543102,769.7265574,1257.71047,724.8336856,713.8389809,-239.5508779
Caribbean small states,CSS,0,0,0,0,0,0,0,,0,0,0,0,0,0,0,0,0,0,0,0,0,,0,0,0,0,0,0
Cuba,CUB,-1496.318501,419.7623055,-6.135838628,336.3737331,302.1818677,102.9240431,90.52469362,,1496.318501,-1657.835384,1496.318501,1496.318501,1496.318501,1496.318501,-1407.134633,1407.134633,327.9588252,760.8410016,1187.416414,612.5861675,245.3445294,,-883.290534,-774.6368414,-1630.370935,-1219.008779,-1466.310091,-623.9480947
Curacao,CUW,0,0,0,0,0,0,0,,0,0,0,0,0,0,0,0,0,0,0,0,0,,0,0,0,0,0,0
Cayman Islands,CYM,0,0,0,0,0,0,0,,0,0,0,0,0,0,0,0,0,0,0,0,0,,0,0,0,0,0,0
Cyprus,CYP,557.5594927,-156.412193,2.286341491,-125.3398711,-112.5992686,-38.35164585,-33.73138955,,-413.2646906,18.17340464,-376.3089237,-489.0645045,-238.1904112,-60.36029165,302.5002694,-302.5002694,-70.50329846,-163.5626063,-255.2661108,-131.6913651,-52.74320205,,-302.5002694,-302.5002694,-262.9403585,-302.5002694,-302.5002694,-197.3214145
Czechia,CZE,-631.3903568,177.123969,-2.589094059,141.9371151,127.5094287,43.43009074,38.19802974,,-95.67978617,-10.80608973,345.6001942,8.537348391,-77.85976207,88.1355738,-476.2538401,476.2538401,110.9997908,257.5115702,401.8887842,207.3337603,83.03844676,,424.9808258,244.544546,415.2729562,441.1357411,373.6447395,65.35986143
Germany,DEU,-2174.628872,610.0487483,-8.917333992,488.8585092,439.1668041,149.5815199,131.5613034,,1061.526043,20.7140993,1309.09666,507.4829899,-1833.418726,856.4895559,-1314.614002,1314.614002,306.3951762,710.8148792,1109.342495,572.3079615,229.2128601,,1256.790736,1053.807133,1314.614002,1314.614002,1314.614002,288.1379723
Djibouti,DJI,0,0,0,0,0,0,0,,0,0,0,0,0,0,-202.4849601,202.4849601,47.19287556,109.4840936,170.8677759,88.15040351,35.30477901,,160.3245178,72.3233889,-136.7451671,10.73608987,44.36963043,1.710120144
Dominica,DMA,0,0,0,0,0,0,0,,0,0,0,0,0,0,0,0,0,0,0,0,0,,0,0,0,0,0,0
Denmark,DNK,-2367.241301,664.082323,-9.707165024,532.157955,478.0649288,162.8303369,143.2140239,,2367.241301,-193.1771284,2367.241301,2367.241301,2367.241301,-991.5903433,-1325.862969,1325.862969,309.0169564,716.8972218,1118.834982,577.20512,231.1742022,,1225.485144,1283.813454,1325.862969,1311.440333,1325.862969,898.9814892
Dominican Republic,DOM,-819.3839517,229.8618218,-3.359984989,184.1982429,165.4747788,56.36120189,49.57131863,,-476.0890811,33.50554194,-262.0901064,-887.5388461,-337.0193865,-287.1470276,-712.5306862,712.5306862,166.0684922,385.2670159,601.2719837,310.1952238,124.2350958,,376.0580176,214.8420605,-2.221923628,-26.67408747,-2.970354045,-12.10684733
Algeria,DZA,230.4983088,-64.66170234,0.945186754,-51.81622533,-46.54918683,-15.85479151,-13.94475091,,-230.4983088,-5.945349531,1.103643648,-230.4983088,-12.75231895,-75.63069763,148.7740009,-148.7740009,-34.67454031,-80.44245178,-125.5435596,-64.76771512,-25.93986843,,83.52960785,98.1391128,8.922964705,67.27848546,179.34808,27.87810816
East Asia & Pacific (excluding high income),EAP,0,0,0,0,0,0,0,,0,0,0,0,0,0,0,0,0,0,0,0,0,,0,0,0,0,0,0
Early-demographic dividend,EAR,0,0,0,0,0,0,0,,0,0,0,0,0,0,0,0,0,0,0,0,0,,0,0,0,0,0,0
East Asia & Pacific,EAS,0,0,0,0,0,0,0,,0,0,0,0,0,0,0,0,0,0,0,0,0,,0,0,0,0,0,0
Europe & Central Asia (excluding high income),ECA,0,0,0,0,0,0,0,,0,0,0,0,0,0,0,0,0,0,0,0,0,,0,0,0,0,0,0
Europe & Central Asia,ECS,0,0,0,0,0,0,0,,0,0,0,0,0,0,0,0,0,0,0,0,0,,0,0,0,0,0,0
Ecuador,ECU,-5076.560519,1424.127782,-20.81706275,1141.215331,1025.212572,349.1904518,307.1231729,,3890.130741,90.83150487,460.4061061,-341.5209534,-135.5405124,-449.2551611,-3344.8494,3344.8494,779.5791917,1808.567928,2822.565081,1456.156666,583.1997045,,2661.448791,1323.162293,1669.020173,1743.338632,1492.750385,795.6227253
"Egypt, Arab Rep.",EGY,-10.48932582,2.942571108,-0.043012775,2.358009797,2.118321778,0.721506699,0.634586156,,10.48932582,-0.294077867,6.95782491,4.853931177,4.126142588,2.552746199,-7.465172906,7.465172906,1.739897007,4.036436528,6.299517212,3.24991053,1.301609164,,-22.59356042,-26.01196162,-9.452510311,-28.36890234,-23.20669186,-17.37488137
Euro area,EMU,0,0,0,0,0,0,0,,0,0,0,0,0,0,0,0,0,0,0,0,0,,0,0,0,0,0,0
Eritrea,ERI,-180.7651782,50.71006468,-0.741249916,40.63617323,36.5055696,12.4339056,10.93598212,,180.7651782,6.964036419,48.67135295,-343.2631367,-44.32375297,-268.3631371,#DIV/0!,#DIV/0!,#DIV/0!,#DIV/0!,#DIV/0!,#DIV/0!,#DIV/0!,,#DIV/0!,#DIV/0!,#DIV/0!,#DIV/0!,#DIV/0!,#DIV/0!
Spain,ESP,-869.9391053,244.0440616,-3.567292634,195.5630865,175.6844037,59.83863053,52.6298184,,640.6900646,-26.08437563,869.9391053,365.1587182,391.5016883,477.2005429,-512.3645359,512.3645359,119.4160582,277.0367082,432.3609451,223.0542978,89.33461875,,-1032.177548,-1467.845867,-1356.4417,-974.4641523,-1890.217051,-1366.528841
Estonia,EST,-16.68580237,4.680868991,-0.068422191,3.75098325,3.369701652,1.147730407,1.009462321,,-14.34996337,-0.920227048,2.833811455,-15.23268887,-6.97686267,5.137397158,-25.97799198,25.97799198,6.054652862,14.04636129,21.92163661,11.30933613,4.52945871,,25.97799198,25.57908818,25.64951457,25.97799198,25.97799198,25.97799198
Ethiopia,ETH,-126.8444088,35.58366847,-0.520141148,28.51473618,25.61625772,8.724973581,7.673868387,,60.31714104,-1.750320596,-12.12418333,59.54065012,31.957858,-5.936212917,-158.4744213,158.4744213,36.93540321,85.68749189,133.7292997,68.99072493,27.63120985,,13.95887696,-84.51371427,10.85665539,-9.840523274,31.32407794,-54.19364105
European Union,EUU,0,0,0,0,0,0,0,,0,0,0,0,0,0,0,0,0,0,0,0,0,,0,0,0,0,0,0
Fragile and conflict affected situations,FCS,0,0,0,0,0,0,0,,0,0,0,0,0,0,0,0,0,0,0,0,0,,0,0,0,0,0,0
Finland,FIN,2273.666687,-637.8318318,9.323450773,-511.1222984,-459.1675138,-156.3938211,-137.5529208,,2216.291364,48.29249373,2627.643167,2583.351271,-47.8036175,-475.8299527,1319.446332,-1319.446332,-307.5214403,-713.4277314,-1113.420276,-574.4116824,-230.0554133,,-1244.184338,-1038.273102,-1076.975034,-1319.446332,-1319.446332,-1319.446332
Fiji,FJI,0,0,0,0,0,0,0,,0,0,0,0,0,0,0,0,0,0,0,0,0,,0,0,0,0,0,0
France,FRA,-1583.952809,444.3463623,-6.49519392,356.0740036,319.8796365,108.9519557,95.8264184,,-5345.659834,-50.46021209,1583.952809,-2178.200526,1583.952809,1583.952809,-887.7739457,887.7739457,206.9121841,480.021458,749.1517373,386.4861445,154.790079,,294.2632393,-173.2510839,677.7530976,626.6976297,-368.288204,-1269.084173
Faroe Islands,FRO,0,0,0,0,0,0,0,,0,0,0,0,0,0,0,0,0,0,0,0,0,,0,0,0,0,0,0
"Micronesia, Fed. Sts.",FSM,0,0,0,0,0,0,0,,0,0,0,0,0,0,0,0,0,0,0,0,0,,0,0,0,0,0,0
Gabon,GAB,-3763.87381,1055.879712,-15.43422894,846.1221883,760.1151874,258.897494,227.7078866,,-2273.140037,228.4762672,-2501.973394,1967.647882,-4313.8346,-3074.384194,-1472.207188,1472.207188,343.125191,796.0258849,1242.32816,640.9150467,256.6904198,,1472.207188,1127.602564,984.4382374,775.6907139,829.4940692,256.4635883
United Kingdom,GBR,1321.71944,-370.7820221,5.419873638,-297.1237086,-266.921547,-90.91427292,-79.96175099,,-412.0108178,25.61163714,1033.597532,-900.5392212,517.6075887,-266.2972487,739.3463334,-739.3463334,-172.3183761,-399.7662994,-623.9004792,-321.8692272,-128.910606,,-287.521035,-629.1730284,-651.9051389,-723.9105109,-634.5002868,-264.2580873
Georgia,GEO,39.91243644,-11.19663783,0.16366587,-8.972351297,-8.06032578,-2.745370938,-2.414633701,,-7.346712717,0.999838621,-39.91243644,-8.851272492,-19.30376078,-11.60580232,58.83493495,-58.83493495,-13.71257284,-31.81218754,-49.64810462,-25.61337521,-10.25831437,,-58.83493495,-58.83493495,42.53493242,-58.83493495,-16.30766379,-47.85074535
Ghana,GHA,-560.6479461,157.2785969,-2.299006075,126.0341581,113.2229825,38.56408465,33.91823567,,-428.919387,-4.126027462,75.91516672,121.140959,-56.05699833,9.467645281,-468.4564653,468.4564653,109.182468,253.2955113,395.3089371,203.939228,81.67891569,,-30.55452105,143.7472152,236.4827428,145.2276471,171.8664592,-9.184138088
Gibraltar,GIB,0,0,0,0,0,0,0,,0,0,0,0,0,0,0,0,0,0,0,0,0,,0,0,0,0,0,0
Guinea,GIN,-222.5926535,62.44392844,-0.912768639,50.03902696,44.9526379,15.31100219,13.46647237,,85.95977499,-1.25025995,-58.10039384,222.5926535,222.5926535,222.5926535,-143.976962,143.976962,33.55650142,77.84868157,121.4955583,62.67935796,25.10346854,,13.68467726,90.48426128,113.7513445,59.50335065,71.71315565,-33.18059861
"Gambia, The",GMB,0,0,0,0,0,0,0,,0,0,0,0,0,0,0,0,0,0,0,0,0,,0,0,0,0,0,0
Guinea-Bissau,GNB,0,0,0,0,0,0,0,,0,0,0,0,0,0,0,0,0,0,0,0,0,,0,0,0,0,0,0
Equatorial Guinea,GNQ,-1733.595854,486.3257333,-7.108823688,389.7138935,350.100084,119.2451301,104.879565,,-83.63487839,8.868235714,726.127082,900.6013147,-797.8485716,-714.777476,-1921.354138,1921.354138,447.8072185,1038.880696,1621.342683,836.4480133,335.0025761,,1921.354138,72.8521441,1018.194895,651.2982889,350.3386325,-221.7207125
Greece,GRC,1399.429872,-392.5821335,5.738534852,-314.593083,-282.6151867,-96.2595733,-84.66309837,,-336.5294935,43.90067917,-393.3053881,-1117.599821,-524.4086622,61.41287675,658.0725862,-658.0725862,-153.3760219,-355.8213933,-555.3172894,-286.4872729,-114.7399156,,502.5015715,2834.361021,1059.860439,1765.609597,3332.858881,460.7221451
Grenada,GRD,0,0,0,0,0,0,0,,0,0,0,0,0,0,0,0,0,0,0,0,0,,0,0,0,0,0,0
Greenland,GRL,-1123.699469,315.2314695,-4.607868316,252.6086426,226.931368,77.29349901,67.98188362,,-819.3972538,12.0374109,487.3928814,-332.830079,-233.6765873,71.87346613,-866.6376905,866.6376905,201.9859879,468.5930352,731.3158204,377.2846244,151.1048136,,-12.56715517,-470.6625598,-332.8682619,432.3441316,-433.7802917,445.6110912
Guatemala,GTM,-1330.58741,373.269754,-5.456237841,299.117236,268.7124355,91.52425487,80.49824788,,786.6896237,54.05913688,39.35584782,-821.0073389,-653.2932153,43.56444695,-800.8000068,800.8000068,186.6412945,432.9944449,675.7584171,348.6226518,139.6255172,,291.2882936,-77.74445818,178.1888753,-179.9307658,-356.6752233,-352.3704184
Guam,GUM,0,0,0,0,0,0,0,,0,0,0,0,0,0,0,0,0,0,0,0,0,,0,0,0,0,0,0
Guyana,GUY,-1452.808309,407.5563892,-5.957419719,326.5926032,293.3949744,99.93120106,87.89240192,,555.549964,-23.39785911,608.3602793,41.67657603,53.42503118,-77.49581894,-1083.173431,1083.173431,252.4536583,585.6744186,914.0404055,471.5519362,188.859452,,593.5683329,259.369434,449.522357,188.3958341,315.6914441,-23.94943678
High income,HIC,0,0,0,0,0,0,0,,0,0,0,0,0,0,0,0,0,0,0,0,0,,0,0,0,0,0,0
"Hong Kong SAR, China",HKG,0,0,0,0,0,0,0,,0,0,0,0,0,0,0,0,0,0,0,0,0,,0,0,0,0,0,0
Honduras,HND,-834.1456359,234.0029178,-3.420517096,187.5166826,168.4559043,57.37658212,50.46437511,,431.0647944,16.98389063,255.7565671,-359.4284395,-183.7617021,255.1589177,-513.1234131,513.1234131,119.5929286,277.4470349,433.0013267,223.3846696,89.4669347,,322.3807331,31.95772395,314.5473057,123.2438526,39.00373337,46.3871522
Heavily indebted poor countries (HIPC),HPC,0,0,0,0,0,0,0,,0,0,0,0,0,0,0,0,0,0,0,0,0,,0,0,0,0,0,0
Croatia,HRV,-81.09885866,22.75066696,-0.332555876,18.23109573,16.37793328,5.578372797,4.90634135,,11.7378846,-2.068211664,36.71056736,71.7594268,14.15485711,33.44326122,-58.08961808,58.08961808,13.53886292,31.40919296,49.01916588,25.28890675,10.12836276,,10.95450986,-13.42530715,-5.690028084,5.249800888,-3.274041925,-52.43893844
Haiti,HTI,-208.5788105,58.51262435,-0.855303147,46.88870255,42.12253906,14.34706211,12.618659,,-473.1757197,16.79167847,74.4511806,-521.4340178,-213.330834,-146.3553026,-103.5672762,103.5672762,24.13827465,55.99906955,87.39567687,45.08728542,18.05773524,,28.07334172,12.86695572,-45.2860617,-16.64355933,-7.641529998,3.98272855
Hungary,HUN,134.4196397,-37.70874837,0.551204317,-30.21765484,-27.14607735,-9.246034698,-8.132156816,,93.33492432,5.35738804,10.71836742,-134.4196397,13.33141937,-10.33206558,100.712288,-100.712288,-23.4728667,-54.45537074,-84.98648324,-43.8443864,-17.55994653,,-58.52288897,-12.97381252,-5.110810846,-55.56870044,-53.79171724,67.53551352
IBRD only,IBD,0,0,0,0,0,0,0,,0,0,0,0,0,0,0,0,0,0,0,0,0,,0,0,0,0,0,0
IDA & IBRD total,IBT,0,0,0,0,0,0,0,,0,0,0,0,0,0,0,0,0,0,0,0,0,,0,0,0,0,0,0
IDA total,IDA,0,0,0,0,0,0,0,,0,0,0,0,0,0,0,0,0,0,0,0,0,,0,0,0,0,0,0
IDA blend,IDB,0,0,0,0,0,0,0,,0,0,0,0,0,0,0,0,0,0,0,0,0,,0,0,0,0,0,0
Indonesia,IDN,-1363.407692,382.4768294,-5.590821457,306.4952647,275.340499,93.78179304,82.48381846,,438.3489485,-15.94399845,280.4291162,357.3547784,115.0062859,30.43774694,-1157.499596,1157.499596,269.7767496,625.8627506,976.7608491,503.9093095,201.8187791,,166.3211555,222.2080183,554.4961412,49.77747924,-54.38849001,93.72877104
IDA only,IDX,0,0,0,0,0,0,0,,0,0,0,0,0,0,0,0,0,0,0,0,0,,0,0,0,0,0,0
Isle of Man,IMN,0,0,0,0,0,0,0,,0,0,0,0,0,0,0,0,0,0,0,0,0,,0,0,0,0,0,0
India,IND,-145.1181946,40.71001455,-0.595075062,32.62269954,29.30665301,9.981933194,8.779400976,,23.31818571,-1.736286072,-39.56220548,-43.69473512,0.43984776,-3.642414253,-164.4084391,164.4084391,38.31843612,88.89602925,138.7367453,71.57405785,28.66585058,,-3.675024691,-15.42190718,-34.4095305,-57.95946244,-0.939996517,-48.91098421
Not classified,INX,#DIV/0!,#DIV/0!,#DIV/0!,#DIV/0!,#DIV/0!,#DIV/0!,#DIV/0!,,#DIV/0!,#DIV/0!,#DIV/0!,#DIV/0!,#DIV/0!,#DIV/0!,#DIV/0!,#DIV/0!,#DIV/0!,#DIV/0!,#DIV/0!,#DIV/0!,#DIV/0!,,#DIV/0!,#DIV/0!,#DIV/0!,#DIV/0!,#DIV/0!,#DIV/0!
Ireland,IRL,-2057.950754,577.3170302,-8.438880977,462.6291644,415.6036313,141.5558331,124.5024782,,1335.026888,-73.34744529,-46.61830347,1916.226261,675.9011319,718.1967158,-1741.411379,1741.411379,405.8682209,941.5852234,1469.497236,758.1111982,303.6281997,,410.2695378,1741.411379,1249.837359,1705.772729,1693.928893,810.3241265
"Iran, Islamic Rep.",IRN,-444.3475757,124.6528481,-1.822102058,99.88973119,89.7360958,30.56438117,26.88226345,,-195.7426902,-20.29659512,-947.5696188,-888.8710951,-937.025873,-968.8830979,-291.6250136,291.6250136,67.96861836,157.6823299,246.0889809,126.956899,50.84701922,,291.6250136,291.6250136,291.6250136,291.6250136,291.6250136,291.6250136
Iraq,IRQ,-310.6683118,87.15179736,-1.273933742,69.83851347,62.73953749,21.3692731,18.79489809,,-312.3912554,-19.21740254,-593.5805954,-251.1787691,-214.1448079,3.636228809,-213.8306883,213.8306883,49.83720797,115.6187555,180.4419159,93.08968653,37.28299225,,85.92808702,-337.0771107,-165.3320482,-148.9991765,8.875966883,-11.56253308
Iceland,ISL,5224.472443,-1465.621521,21.42359385,-1174.466063,-1055.083419,-359.3645513,-316.0715897,,1827.82787,-69.55599339,4369.365497,555.9024018,1247.92964,-3.39792304,3487.433619,-3487.433619,-812.8110886,-1885.663551,-2942.885367,-1518.229703,-608.0603378,,-347.7670693,-1760.07102,-1472.124527,209.5920576,-2020.706841,-1136.632155
Israel,ISR,-254.1608143,71.29974621,-1.042217777,57.13557766,51.32783529,17.48241339,15.37629176,,97.9453161,-12.13391052,0.596537604,81.24865362,-9.437131476,8.481791163,-174.3404359,174.3404359,40.6332722,94.26628328,147.1179021,75.89788284,30.39756909,,174.3404359,174.3404359,174.3404359,174.3404359,174.3404359,79.03938789
Italy,ITA,2298.153754,-644.7011899,9.423863012,-516.6270128,-464.1126827,-158.0781603,-139.0343462,,-881.6123374,31.19330148,-1044.268801,-1550.045675,-642.3197204,-442.0605191,1050.601646,-1050.601646,-244.8621998,-568.0627782,-886.5545697,-457.3720389,-183.1803159,,-150.8554345,732.5348661,795.2317176,359.0263902,1911.937805,917.2762593
Jamaica,JAM,0,0,0,0,0,0,0,,0,0,0,0,0,0,0,0,0,0,0,0,0,,0,0,0,0,0,0
Jordan,JOR,-418.2989165,117.3454164,-1.715286317,94.03396938,84.47556304,28.77262807,25.30636441,,275.0307539,-13.46342151,289.5476247,0.748474612,-78.06423198,93.33528933,-223.0077822,223.0077822,51.9760999,120.5808317,188.1860447,97.0848698,38.88308773,,-205.727968,223.0077822,223.0077822,-68.18253928,223.0077822,-34.95924282
Japan,JPN,-4735.320728,1328.399766,-19.41776689,1064.504322,956.2991174,325.7183241,286.4787529,,3470.717206,-59.29145877,-767.5184464,-394.2026326,-278.7542258,115.1700328,-2545.512515,2545.512515,593.2789049,1376.364597,2148.041326,1108.170974,443.8292937,,-605.0306512,-813.8701882,-1671.698021,-1266.434995,-2993.461905,-835.9108076
Kazakhstan,KAZ,-466.049944,130.7410146,-1.911095296,104.7684429,94.11889408,32.0571753,28.19521937,,442.2995718,-2.474658701,77.72782291,72.70167975,108.9634415,54.18865015,-598.559323,598.559323,139.5053521,323.6424321,505.0967747,260.5785922,104.3633296,,42.87468175,90.72836492,205.7471261,-106.5044914,413.4154716,305.6212223
Kenya,KEN,-607.9449173,170.5468187,-2.492953141,136.6665594,122.7746168,41.81739971,36.77962101,,239.8098745,-4.046176406,36.70902996,129.3797976,66.30647384,-3.021717025,-359.9832997,359.9832997,83.90078482,194.6438158,303.773405,156.7161981,62.76580165,,44.31564165,-35.54639423,51.73141137,50.70651361,32.7426952,76.39544411
Kyrgyz Republic,KGZ,-36.95075754,10.3657979,-0.15152114,8.30656324,7.462214041,2.541652301,2.235457226,,36.95075754,-1.423423549,-36.00697637,-5.344960545,17.35882074,-3.286780225,-30.07543108,30.07543108,7.009637041,16.26185624,25.37927763,13.09312743,5.2438781,,-44.04750508,24.98028669,-34.25533448,-78.36819165,-22.69765158,9.732655761
Cambodia,KHM,-175.0406889,49.10417338,-0.717775941,39.34930292,35.34950764,12.04014746,10.58966037,,41.0482915,-3.439815061,41.49984738,31.8241883,-2.555287785,-7.318908004,-234.445515,234.445515,54.64187569,126.7652407,197.8378232,102.0642064,40.87734267,,95.1978452,108.9826898,84.88637932,105.0845002,109.1129076,10.08022989
Kiribati,KIR,0,0,0,0,0,0,0,,0,0,0,0,0,0,0,0,0,0,0,0,0,,0,0,0,0,0,0
St. Kitts and Nevis,KNA,0,0,0,0,0,0,0,,0,0,0,0,0,0,0,0,0,0,0,0,0,,0,0,0,0,0,0
"Korea, Rep.",KOR,-3661.562103,1027.178204,-15.01468716,823.1224252,739.4533144,251.8599986,221.5182044,,3337.93947,-77.79476521,-892.4328009,45.33030015,-58.34034664,331.1503801,-3284.471648,3284.471648,765.5070366,1775.921536,2771.615063,1429.871636,572.6723883,,-43.78432983,-1839.901807,-1234.3899,-941.2924486,-3015.075232,-1554.074653
Kuwait,KWT,-3738.329533,1048.713775,-15.32948148,840.3798119,754.9565147,257.1404347,226.1625018,,3738.329533,99.22333261,3738.329533,3738.329533,3738.329533,3119.510472,-1501.443957,1501.443957,349.9393624,811.8342747,1266.999729,653.6430686,261.7880709,,-952.7896635,-3450.314063,-614.7641255,-5.745025573,1321.121754,-340.4371341
Latin America & Caribbean (excluding high income),LAC,0,0,0,0,0,0,0,,0,0,0,0,0,0,0,0,0,0,0,0,0,,0,0,0,0,0,0
Lao PDR,LAO,-173.7074498,48.73015977,-0.71230883,39.04958959,35.08025971,11.94844081,10.5090017,,67.51849058,-4.636832693,1.962999116,38.21455924,24.09338923,10.24542526,-216.5094472,216.5094472,50.46154241,117.0671667,182.7023977,94.25586536,37.75005405,,78.82255557,108.1118559,60.36604994,40.39153381,56.90867255,-8.926351987
Lebanon,LBN,-142.4153468,39.9517845,-0.583991701,32.01509693,28.76081225,9.79601821,8.615883333,,45.97550544,-6.963018926,43.4229362,51.76156361,13.20970691,-4.053597618,-99.60310649,99.60310649,23.21435137,53.85563367,84.05049576,43.36151201,17.36655237,,59.60826915,-37.93263302,99.60310649,99.60310649,64.23140412,87.86104473
Liberia,LBR,-290.8333352,81.58749037,-1.192597974,65.37959305,58.73385938,20.00492722,17.59491615,,-142.2975307,1.041776325,-12.7285931,-144.1232001,-236.2711696,-198.7298037,-148.2239722,148.2239722,34.54634592,80.14504998,125.0794156,64.528264,25.84396678,,33.49529984,72.69541949,96.71007212,56.64103508,63.33178208,-2.092037702
Libya,LBY,-52.12732542,14.62328126,-0.213754529,11.71826923,10.52712544,3.585570239,3.153613458,,50.94593978,0.752946025,52.12732542,22.715456,16.19986263,19.77241586,-18.91752182,18.91752182,4.409079335,10.22874849,15.96362948,8.235610097,3.298412519,,3.912348635,-4.162075218,-1.033174652,-0.074035164,-3.56598606,2.369584791
St. Lucia,LCA,0,0,0,0,0,0,0,,0,0,0,0,0,0,0,0,0,0,0,0,0,,0,0,0,0,0,0
Latin America & Caribbean,LCN,0,0,0,0,0,0,0,,0,0,0,0,0,0,0,0,0,0,0,0,0,,0,0,0,0,0,0
Least developed countries: UN classification,LDC,0,0,0,0,0,0,0,,0,0,0,0,0,0,0,0,0,0,0,0,0,,0,0,0,0,0,0
Low income,LIC,0,0,0,0,0,0,0,,0,0,0,0,0,0,0,0,0,0,0,0,0,,0,0,0,0,0,0
Liechtenstein,LIE,0,0,0,0,0,0,0,,0,0,0,0,0,0,0,0,0,0,0,0,0,,0,0,0,0,0,0
Sri Lanka,LKA,-685.2313257,192.2279788,-2.809875594,154.0406129,138.3826249,47.13353368,41.45531568,,447.6869068,-14.76121652,3.64845803,91.19672818,-76.01529563,-29.47262008,-731.5477106,731.5477106,170.5007624,395.5495657,617.3195788,318.4741516,127.5508573,,478.2854586,149.0978351,384.6294293,276.6658024,217.5676048,-119.4903635
Lower middle income,LMC,0,0,0,0,0,0,0,,0,0,0,0,0,0,0,0,0,0,0,0,0,,0,0,0,0,0,0
Low & middle income,LMY,0,0,0,0,0,0,0,,0,0,0,0,0,0,0,0,0,0,0,0,0,,0,0,0,0,0,0
Lesotho,LSO,-104.5590772,29.33196327,-0.428757397,23.50497378,21.11572985,7.192080401,6.325644189,,85.21674522,-3.252546504,56.12003619,104.5590772,51.43457222,39.77977169,-77.30016209,77.30016209,18.01623651,41.79637924,65.23006335,33.652082,13.47786591,,77.30016209,7.679587788,30.88414402,35.75472136,74.67996893,-69.54521473
Late-demographic dividend,LTE,0,0,0,0,0,0,0,,0,0,0,0,0,0,0,0,0,0,0,0,0,,0,0,0,0,0,0
Lithuania,LTU,-406.7186849,114.0968134,-1.667800148,91.43072299,82.13693259,27.97608358,24.60578033,,-1142.244494,-44.10944709,406.7186849,-438.6734403,-1104.275812,-122.3760613,-475.6152947,475.6152947,110.850966,257.1663072,401.349945,207.0557741,82.92711156,,469.1605996,426.6408672,475.6152947,475.6152947,475.6152947,425.6463727
Luxembourg,LUX,-11949.00436,3352.054804,-48.99836665,2686.146834,2413.104197,821.910468,722.8941955,,0,0,0,0,0,0,-7253.978796,7253.978796,1690.674302,3922.243376,6121.300184,3157.968659,1264.785879,,0,0,0,0,0,0
Latvia,LVA,48.10684506,-13.4954157,0.197268054,-10.81446166,-9.715188498,-3.309022103,-2.910381317,,41.14412664,3.009135181,-46.63593452,27.50923389,57.21085998,-7.050050876,43.97281565,-43.97281565,-10.24868028,-23.77620472,-37.10664342,-19.14325608,-7.666991851,,-43.97281565,-38.77180611,-40.13026619,-43.21638239,-43.97281565,-40.05398688
"Macao SAR, China",MAC,0,0,0,0,0,0,0,,0,0,0,0,0,0,0,0,0,0,0,0,0,,0,0,0,0,0,0
St. Martin (French part),MAF,0,0,0,0,0,0,0,,0,0,0,0,0,0,0,0,0,0,0,0,0,,0,0,0,0,0,0
Morocco,MAR,-343.9274443,96.48198352,-1.410316919,77.31519613,69.45622701,23.65699754,20.80701836,,343.9274443,-9.227185529,251.0687941,284.5896278,74.69193913,155.0863719,-271.9480679,271.9480679,63.38254123,147.0429592,229.4845085,118.3906791,47.41619544,,-680.1057197,-1311.094669,-1541.710159,-1570.59445,-1893.462224,-475.2679524
Monaco,MCO,0,0,0,0,0,0,0,,0,0,0,0,0,0,0,0,0,0,0,0,0,,0,0,0,0,0,0
Moldova,MDA,76.34127547,-21.4160219,0.313046819,-17.16158679,-15.41713826,-5.251123152,-4.618515756,,-5.272279216,2.174742363,-28.450448,-75.86584276,5.050939512,-39.96790481,76.02692148,-76.02692148,-17.71948417,-41.10793505,-64.15563396,-33.09778565,-13.25586681,,-54.36683974,-50.77398743,-52.17849506,-56.06070363,-57.8773071,-29.39460891
Madagascar,MDG,-114.6886637,32.17361667,-0.470295016,25.78211385,23.16140218,7.888842482,6.938466733,,73.32131358,-0.842493161,13.49484712,12.73948146,6.581128421,14.49924329,-53.40197792,53.40197792,12.44632143,28.87457491,45.06348122,23.24817557,9.311037364,,2.849449659,-0.445743761,-1.054836284,9.703298738,2.37115687,-7.126559332
Maldives,MDV,0,0,0,0,0,0,0,,0,0,0,0,0,0,0,0,0,0,0,0,0,,0,0,0,0,0,0
Middle East & North Africa,MEA,0,0,0,0,0,0,0,,0,0,0,0,0,0,0,0,0,0,0,0,0,,0,0,0,0,0,0
Mexico,MEX,-1619.961385,454.4478499,-6.642851528,364.1687636,327.1515767,111.4288002,98.00487525,,685.3284048,16.40284076,140.012902,-105.014885,-93.43595307,96.56096075,-841.2038629,841.2038629,196.0581626,454.8409048,709.8533792,366.2121864,146.670234,,116.4993127,227.6659844,44.80267887,50.88648177,-285.3484538,-90.2799864
Marshall Islands,MHL,0,0,0,0,0,0,0,,0,0,0,0,0,0,0,0,0,0,0,0,0,,0,0,0,0,0,0
Middle income,MIC,0,0,0,0,0,0,0,,0,0,0,0,0,0,0,0,0,0,0,0,0,,0,0,0,0,0,0
North Macedonia,MKD,-71.49654694,20.05692996,-0.293180412,16.0724875,14.43874421,4.917879229,4.325418019,,-10.75879847,-4.323192508,48.01872136,71.49654694,17.8889421,-1.733994047,-60.44434209,60.44434209,14.08767502,32.68239776,51.00620952,26.31401929,10.53892664,,22.00370301,-420.2409108,-56.53432528,-88.33052382,-201.4076918,-259.1171652
Mali,MLI,-164.6321002,46.18425148,-0.675094239,37.00944291,33.24749076,11.32419425,9.959958674,,164.6321002,-5.460948241,-170.8562967,164.6321002,164.6321002,164.6321002,-103.2565265,103.2565265,24.06584868,55.83104647,87.13344948,44.95200274,18.00355369,,-32.12100571,101.1315151,86.66572434,66.04286052,75.24688112,-12.94519848
Malta,MLT,0,0,0,0,0,0,0,,0,0,0,0,0,0,0,0,0,0,0,0,0,,0,0,0,0,0,0
Myanmar,MMR,-38.75547174,10.87207447,-0.158921593,8.7122646,7.826676491,2.665789295,2.344639328,,11.36779637,-0.871405472,-9.899328263,5.790484224,4.861265895,1.202234267,-88.49506936,88.49506936,20.62541729,47.8494919,74.67693242,38.52570616,15.42978237,,17.56949256,32.84439027,29.05237731,-11.80402858,16.68227085,-20.63442214
Middle East & North Africa (excluding high income),MNA,0,0,0,0,0,0,0,,0,0,0,0,0,0,0,0,0,0,0,0,0,,0,0,0,0,0,0
Montenegro,MNE,165.4830485,-46.42296804,0.678583657,-37.20073684,-33.41933995,-11.3827266,-10.01143958,,-37.80438044,7.937515913,-90.64019431,-165.4830485,-34.30947196,-29.84430315,126.0396119,-126.0396119,-29.3758693,-68.14991427,-106.3590509,-54.87045876,-21.97595636,,-60.4202036,359.0750436,65.79873131,60.69464229,165.8968472,234.3001782
Mongolia,MNG,154.8282376,-43.43397339,0.634892291,-34.80552585,-31.26759842,-10.64983704,-9.36684186,,-154.8282376,3.316098328,-154.8282376,-154.8282376,-33.43867632,-4.671290496,200.12153,-200.12153,-46.64203435,-108.2061814,-168.8733856,-87.12150084,-34.89269716,,18.794949,29.91785578,-44.26071665,-2.923966731,-17.20858948,-8.679451982
Northern Mariana Islands,MNP,0,0,0,0,0,0,0,,0,0,0,0,0,0,0,0,0,0,0,0,0,,0,0,0,0,0,0
Mozambique,MOZ,-111.3905143,31.24838667,-0.456770547,25.04068694,22.49534016,7.661979777,6.738934375,,14.67990252,-1.605575821,-29.02999964,66.78134702,43.53594508,37.38602896,-112.6541545,112.6541545,26.25614018,60.912366,95.06367694,49.04319399,19.64210096,,46.24676729,-7.62206425,72.74879441,55.18709822,64.54211939,46.95781408
Mauritania,MRT,-95.56007788,26.80747353,-0.391855889,21.48199071,19.29837985,6.573085585,5.781220219,,-445.6595195,25.77832889,-76.1093396,95.56007788,-221.6491599,-187.9642227,-52.5521311,52.5521311,12.24824887,28.41506074,44.34633445,22.87820073,9.162860167,,12.68039238,39.34666764,19.16302622,24.73165489,26.98904881,17.12132616
Mauritius,MUS,0,0,0,0,0,0,0,,0,0,0,0,0,0,0,0,0,0,0,0,0,,0,0,0,0,0,0
Malawi,MWI,-178.7280072,50.13857699,-0.732896245,40.17821538,36.09416244,12.2937791,10.81273678,,-37.29051199,-5.350924935,159.6312607,178.7280072,64.08422306,39.06372765,-110.1760272,110.1760272,25.67856665,59.57243676,92.97249893,47.96435871,19.2100208,,53.37254013,16.13628446,99.48544681,56.35197578,78.30000183,98.92776827
Malaysia,MYS,-4255.392059,1193.765352,-17.44976017,956.615929,859.3774116,292.7065028,257.4438946,,2497.545574,-41.51012538,1651.803399,1307.582903,593.5925789,-256.871166,-3150.319003,3150.319003,734.2402746,1703.384886,2658.409796,1371.469225,549.2818635,,1345.443004,806.7010246,978.7254169,905.4990942,1352.258791,-508.3670952
North America,NAC,0,0,0,0,0,0,0,,0,0,0,0,0,0,0,0,0,0,0,0,0,,0,0,0,0,0,0
Namibia,NAM,-714.7689276,200.5141637,-2.930998175,160.6806922,144.3477504,49.16527319,43.24228975,,141.4082479,-16.38291171,-182.7146008,-181.0179232,-148.6877469,-57.7171022,-535.1103725,535.1103725,124.7173973,289.3354355,451.5551139,232.9565378,93.30052681,,290.8704437,171.6126285,112.6436328,169.6169602,217.3890546,-101.1597057
New Caledonia,NCL,0,0,0,0,0,0,0,,0,0,0,0,0,0,0,0,0,0,0,0,0,,0,0,0,0,0,0
Niger,NER,-83.64035685,23.46363358,-0.342977603,18.80242679,16.89118943,5.753189367,5.060097615,,83.64035685,-10.04242839,83.64035685,83.64035685,83.64035685,83.64035685,-48.08460552,48.08460552,11.20700917,25.99945917,40.57639441,20.93329489,8.383913408,,-0.672411182,28.56283112,30.3933627,31.02106406,27.13288453,-1.916571505
Nigeria,NGA,-463.6552531,130.0692318,-1.901275571,104.2301143,93.63528572,31.89245686,28.0503447,,463.6552531,-4.896336106,101.2975532,328.5675069,463.6552531,463.6552531,-384.160076,384.160076,89.53563096,207.7162555,324.1750782,167.2413877,66.98120483,,83.91081503,257.1872695,243.9745457,188.6844459,246.6189935,-8.017109769
Nicaragua,NIC,-840.4569661,235.7734356,-3.446397485,188.9354753,169.7304789,57.81070602,50.84619973,,173.1382156,-5.692066949,321.290563,24.77859501,39.37004813,4.768213427,-587.361146,587.361146,136.8954092,317.5875515,495.6471465,255.7035446,102.410843,,263.9004197,158.5517626,308.9920681,107.668624,96.47015304,23.08447513
Netherlands,NLD,-4932.733037,1383.779851,-20.22728041,1108.882785,996.1665788,339.2973001,298.4218578,,3833.765788,-327.0958873,3168.965702,-5458.027291,4932.733037,1511.850149,-2840.192022,2840.192022,661.9594297,1535.698499,2396.707853,1236.457625,495.2088869,,1713.674826,2162.54309,2840.192022,2840.192022,2765.018965,398.797669
Norway,NOR,1228.143219,-344.5310799,5.036152796,-276.0876906,-248.0238074,-84.4776466,-74.30055067,,9805.934168,-79.36158099,1088.357791,1705.886192,1339.661719,-1140.0024,641.3062981,-641.3062981,-149.4683275,-346.7558219,-541.1689875,-279.1881873,-111.8165869,,-460.2121048,-610.7799928,-421.5085084,-539.7786645,-574.8660619,-527.0953069
Nepal,NPL,-41.79599294,11.72503203,-0.171389626,9.395776476,8.44071045,2.874931088,2.528585627,,-3.521045857,-1.255165162,8.524299982,19.64063708,-0.54509474,-10.60086392,-34.67801072,34.67801072,8.082353594,18.75048186,29.26318361,15.09682811,6.046372553,,-42.66424981,-172.3985619,-195.4201166,-195.5733198,-12.23746137,-256.8858602
Nauru,NRU,0,0,0,0,0,0,0,,0,0,0,0,0,0,0,0,0,0,0,0,0,,0,0,0,0,0,0
New Zealand,NZL,497.5078995,-139.5659164,2.040092524,-111.8402194,-100.4718355,-34.22100604,-30.09837153,,146.1968723,-2.743055146,-71.17284481,-204.1499917,-100.6115318,52.05662319,300.7592266,-300.7592266,-70.09751613,-162.6212204,-253.7969245,-130.9334144,-52.43963811,,3119.89646,140.2987837,2004.660301,2358.163133,994.5737018,501.3399896
OECD members,OED,0,0,0,0,0,0,0,,0,0,0,0,0,0,0,0,0,0,0,0,0,,0,0,0,0,0,0
Oman,OMN,-382.6303107,107.3393006,-1.569022798,86.01563499,77.27227984,26.31916838,23.14847516,,128.1266592,-12.97544147,274.167757,244.0345797,137.1109533,-45.03076162,-191.910743,191.910743,44.72835814,103.7665896,161.9446788,83.54699245,33.46108455,,77.32818011,52.81357105,-24.12869465,-65.47244373,-13.75933646,56.09923204
Other small states,OSS,0,0,0,0,0,0,0,,0,0,0,0,0,0,0,0,0,0,0,0,0,,0,0,0,0,0,0
Pakistan,PAK,-155.8987056,43.73427185,-0.639281877,35.04616802,31.4837797,10.72346902,9.431603335,,45.7656696,-3.680016834,29.8344506,-15.92295014,29.25078899,-56.49666751,-105.5502173,105.5502173,24.60043585,57.07125045,89.06898996,45.95054488,18.40347596,,-16.31538432,-104.587045,-135.8506672,-98.51329585,-91.7815965,-7.099543842
Panama,PAN,-4334.271749,1215.893475,-17.77321607,974.3481534,875.3071832,298.1322304,262.21598,,1152.422412,11.23773544,1680.517545,-201.9614295,-53.36698127,-108.314183,-4187.594999,4187.594999,975.9966845,2264.242454,3533.719461,1823.040036,730.1387519,,2180.407893,686.5873883,1610.521743,763.6147855,718.575962,-463.1472893
Peru,PER,-3135.471373,879.5939444,-12.85738722,704.8567602,633.2091698,215.6729269,189.6906208,,1029.83004,9.34253183,1848.135414,-79.11545569,33.52510242,-824.6989943,-2777.196651,2777.196651,647.2771899,1501.636753,2343.548947,1209.033033,484.225169,,2513.506438,905.2236014,1211.884626,1799.921288,1383.51628,584.8509349
Philippines,PHL,-746.7952975,209.4985229,-3.062326256,167.8802487,150.8154832,51.36820222,45.17983,,-402.1596511,-2.094046335,26.75301992,-360.5836565,-31.76889968,-260.3498667,-608.3771174,608.3771174,141.7935712,328.9509366,513.3815614,264.8527,106.075136,,-4.247838745,339.587516,-13.21539569,85.29519464,146.5986284,15.56368329
Palau,PLW,0,0,0,0,0,0,0,,0,0,0,0,0,0,0,0,0,0,0,0,0,,0,0,0,0,0,0
Papua New Guinea,PNG,-1003.241587,281.4394137,-4.113915909,225.5296033,202.6048709,69.00782171,60.69438911,,-849.7809657,38.81424677,-98.64186333,216.2078425,24.27841426,112.06937,-551.3552165,551.3552165,128.5035595,298.1190608,465.2633931,240.0286164,96.13293781,,-182.0460727,278.0548275,40.39116092,-3.956191949,145.2902923,118.138379
Poland,POL,-495.2266216,138.9259494,-2.030737863,111.3273861,100.0111309,34.06408869,29.96035815,,-119.7826971,-10.47358492,282.9914411,-139.1650317,-130.5221369,164.1167505,-462.1340794,462.1340794,107.7089187,249.8769824,389.9737654,201.1868218,80.57656005,,443.7739118,349.4766145,397.8779274,458.8136033,462.1340794,243.8109256
Pre-demographic dividend,PRE,0,0,0,0,0,0,0,,0,0,0,0,0,0,0,0,0,0,0,0,0,,0,0,0,0,0,0
Puerto Rico,PRI,-4466.666881,1253.034288,-18.31611864,1004.110697,902.0444108,307.2390097,270.2256576,,536.8285745,9.082324107,12.53053808,-1045.629304,-143.3116679,-411.1270153,-2454.906973,2454.906973,572.1616028,1327.373967,2071.583462,1068.726488,428.0315345,,1210.95891,699.3187983,145.3433836,241.2303728,315.7771381,-136.2967009
"Korea, Dem. People's Rep.",PRK,0,0,0,0,0,0,0,,0,0,0,0,0,0,0,0,0,0,0,0,0,,0,0,0,0,0,0
Portugal,PRT,509.3968835,-142.9011337,2.08884477,-114.5128736,-102.8728186,-35.03878802,-30.8176346,,-509.3968835,10.10745382,-509.3968835,-32.38434133,-282.0709264,-194.8958777,261.8934668,-261.8934668,-61.03912995,-141.6064128,-220.9998915,-114.0134792,-45.66309995,,463.5830188,721.2236307,392.5041092,-31.20539294,1058.530199,966.3050568
Paraguay,PRY,-732.4688449,205.4795225,-3.00357887,164.6596494,147.9222528,50.38275934,44.31310428,,732.4688449,-79.26152047,732.4688449,732.4688449,342.1476341,-89.04084089,-482.2494495,482.2494495,112.3971788,260.7534102,406.9482041,209.9439067,84.08382644,,-194.7520716,-441.9176799,-526.4610852,138.0559118,-451.1441538,-181.9230614
West Bank and Gaza,PSE,0,0,0,0,0,0,0,,0,0,0,0,0,0,0,0,0,0,0,0,0,,0,0,0,0,0,0
Pacific island small states,PSS,0,0,0,0,0,0,0,,0,0,0,0,0,0,0,0,0,0,0,0,0,,0,0,0,0,0,0
Post-demographic dividend,PST,0,0,0,0,0,0,0,,0,0,0,0,0,0,0,0,0,0,0,0,0,,0,0,0,0,0,0
French Polynesia,PYF,0,0,0,0,0,0,0,,0,0,0,0,0,0,0,0,0,0,0,0,0,,0,0,0,0,0,0
Qatar,QAT,-6227.21754,1746.921654,-25.53547383,1399.884055,1257.588024,428.338222,376.7359419,,6227.21754,-3662.904762,-65925.81618,6227.21754,-55203.02074,-102582.5293,-3635.33615,3635.33615,847.2825166,1965.634796,3067.693533,1582.618029,633.8482588,,-4539.480836,-7745.06168,1892.658378,-11423.42533,-3294.934027,-7227.314253
Romania,ROU,345.7474086,-96.99253818,1.417779907,-77.72432571,-69.82376921,-23.7821835,-20.91712307,,-105.1816209,12.98959667,-121.6306476,-345.7474086,-2.180834609,-101.6084214,360.1321843,-360.1321843,-83.93548515,-194.7243181,-303.8990419,-156.781014,-62.79176081,,-252.6448812,-67.69036098,-117.8203591,-181.880669,-239.5153567,-17.96086678
Russian Federation,RUS,254.6338923,-71.43245881,1.044157692,-57.24192601,-51.4233735,-17.51495399,-15.40491217,,-145.6127548,8.386301849,225.5991966,-193.5770818,88.68780944,-86.53658055,217.0506658,-217.0506658,-50.58768343,-117.3598049,-183.1591073,-94.49148106,-37.84441958,,-140.5155769,-94.44542876,-152.1367464,-148.2824606,-217.0506658,-177.8812754
Rwanda,RWA,-60.95100018,17.09858719,-0.249937096,13.70183918,12.3090686,4.192505381,3.687430593,,39.80882655,-0.635146309,17.76145991,9.581302383,2.436931047,3.957279288,-67.25563831,67.25563831,15.67517394,36.36528163,56.75395017,29.2792692,11.72652747,,3.111486155,39.59244054,65.96423008,8.855309519,41.99164531,9.546849746
South Asia,SAS,0,0,0,0,0,0,0,,0,0,0,0,0,0,0,0,0,0,0,0,0,,0,0,0,0,0,0
Saudi Arabia,SAU,-5257.130891,1474.783197,-21.55751384,1181.807711,1061.678801,361.6109577,318.0473695,,4056.663675,-274.2631306,1260.296391,4042.847828,441.9705605,-3860.90614,-2885.268464,2885.268464,672.4653305,1560.071437,2434.745796,1256.081337,503.0683043,,-298.7764236,-2835.757237,-983.0572444,-2856.920574,-615.1637037,-858.1834007
Sudan,SDN,-193.3803768,54.24900697,-0.792980094,43.47208111,39.05321186,13.30164013,11.69917992,,167.1613907,-15.15683659,193.3803768,127.1110609,44.69138331,48.26645101,-107.597865,107.597865,25.07767812,58.17841835,90.79690596,46.84197389,18.76049877,,45.98179932,-131.4225021,21.93377914,33.54856114,-0.888439952,11.48099461
Senegal,SEN,-85.83761154,24.08002955,-0.351987717,19.2963716,17.33492552,5.904327201,5.193027742,,-61.07464155,3.55607182,14.24767941,-24.65830937,-90.94975594,-23.39759698,-51.30644683,51.30644683,11.95791905,27.74151633,43.2951586,22.33590085,8.945665725,,17.64204859,29.12454341,37.13554053,16.458104,17.68740398,4.095487482
Singapore,SGP,0,0,0,0,0,0,0,,0,0,0,0,0,0,0,0,0,0,0,0,0,,0,0,0,0,0,0
Solomon Islands,SLB,0,0,0,0,0,0,0,,0,0,0,0,0,0,0,0,0,0,0,0,0,,0,0,0,0,0,0
Sierra Leone,SLE,-134.7617341,37.80471614,-0.552607117,30.29455797,27.21516339,9.26956561,8.152852939,,125.6688232,-0.125391632,-37.11963783,87.79342711,56.5286156,36.78086486,-97.02982695,97.02982695,22.61460084,52.46425537,81.87902312,42.24125286,16.91788169,,5.985883664,30.2373172,39.49677756,17.13990829,21.08536325,-3.260215919
El Salvador,SLV,-1370.306297,384.4120955,-5.619110038,308.0460773,276.7336739,94.25631256,82.90117219,,1133.80182,7.190451246,690.8577937,-868.9824907,-286.4375557,564.5383555,-848.4681716,848.4681716,197.7512445,458.7687336,715.9833962,369.3746521,147.936821,,444.2795285,-15.08832591,460.5561553,234.9114209,238.8680502,158.5561529
San Marino,SMR,0,0,0,0,0,0,0,,0,0,0,0,0,0,0,0,0,0,0,0,0,,0,0,0,0,0,0
Somalia,SOM,-100.7919345,28.27516652,-0.413309763,22.65811673,20.3549545,6.932958055,6.097738538,,49.99148508,-0.92495962,-10.35357956,19.50883605,14.51369822,-6.088193418,-82.32067427,82.32067427,19.18635999,44.51098196,69.46664344,35.83772667,14.35323005,,26.12361738,9.585611637,23.49795273,9.114795366,20.96901918,7.737899992
Serbia,SRB,42.12687028,-11.81785307,0.172746429,-9.470157997,-8.507531206,-2.897690436,-2.548603137,,-3.894659276,2.144180239,-21.47109702,-41.08777742,-12.20709536,-9.1398266,37.9292022,-37.9292022,-8.84010407,-20.50840873,-32.00671506,-16.51221146,-6.613242293,,-9.634008125,30.96482651,1.084671128,10.06924663,-13.98870837,37.04378814
Sub-Saharan Africa (excluding high income),SSA,0,0,0,0,0,0,0,,0,0,0,0,0,0,0,0,0,0,0,0,0,,0,0,0,0,0,0
South Sudan,SSD,0,0,0,0,0,0,0,,0,0,0,0,0,0,0,0,0,0,0,0,0,,0,0,0,0,0,0
Sub-Saharan Africa,SSF,0,0,0,0,0,0,0,,0,0,0,0,0,0,0,0,0,0,0,0,0,,0,0,0,0,0,0
Small states,SST,0,0,0,0,0,0,0,,0,0,0,0,0,0,0,0,0,0,0,0,0,,0,0,0,0,0,0
Sao Tome and Principe,STP,0,0,0,0,0,0,0,,0,0,0,0,0,0,0,0,0,0,0,0,0,,0,0,0,0,0,0
Suriname,SUR,-3910.148881,1096.914265,-16.03404792,879.0049546,789.6554718,268.9590027,236.5572766,,1482.049865,-45.04329857,1395.819642,-279.0117929,-2.126583921,-460.1394154,-2509.986447,2509.986447,584.9988958,1357.155568,2118.062505,1092.70495,437.6350559,,1593.932789,684.9213316,826.2860597,451.4468027,648.2486295,-202.4255263
Slovak Republic,SVK,225.3929837,-63.22950522,0.924251739,-50.66854369,-45.51816524,-15.50362249,-13.63588753,,-12.55495641,8.680558575,-65.52174336,-138.0812125,-23.36337473,-74.10602931,213.094259,-213.094259,-49.66556945,-115.2205664,-179.8204769,-92.76908719,-37.15459024,,-153.3427238,-86.36671001,-110.8360721,-187.8968016,-179.6872352,-22.01880286
Slovenia,SVN,375.6149882,-105.3712918,1.540255602,-84.43858424,-75.85553383,-25.83662047,-22.72406022,,-181.8016434,3.326989411,-105.4525596,-206.6853021,-83.57584667,-167.6577924,254.6270068,-254.6270068,-59.34554666,-137.6774207,-214.8680589,-110.8500769,-44.39613787,,-0.305447146,45.76642984,338.9958232,62.44012726,356.9172056,420.9148843
Sweden,SWE,1709.749847,-479.6362117,7.011040194,-384.3532899,-345.2843774,-117.6048861,-103.4369226,,14798.43561,97.03887414,2674.398972,5641.956479,3666.427295,-1709.749847,1085.332177,-1085.332177,-252.9567943,-586.841658,-915.8620729,-472.4917314,-189.2358458,,-952.0799048,-882.4029854,-798.3713951,-1000.136734,-933.8079977,-853.0435246
Eswatini,SWZ,-262.9671498,73.77018794,-1.078329242,59.11524972,53.10627678,18.08815585,15.9090599,,-69.42832991,-35.5371244,262.9671498,-15.63785372,262.9671498,82.8618424,-189.2652813,189.2652813,44.11178422,102.3361822,159.712295,82.3953093,32.99982837,,96.45969958,83.94259159,-246.0097983,102.2698558,116.9404508,-160.7312125
Sint Maarten (Dutch part),SXM,0,0,0,0,0,0,0,,0,0,0,0,0,0,0,0,0,0,0,0,0,,0,0,0,0,0,0
Seychelles,SYC,0,0,0,0,0,0,0,,0,0,0,0,0,0,0,0,0,0,0,0,0,,0,0,0,0,0,0
Syrian Arab Republic,SYR,61.92423342,-17.37160836,0.253927959,-13.92062288,-12.50561328,-4.259449083,-3.746309528,,-32.98631263,3.810625769,-3.948018579,-21.30554866,-2.53304255,4.14740154,17.75368424,-17.75368424,-4.1378254,-9.599458774,-14.9815203,-7.72894159,-3.095488664,,-11.96813713,7.742870685,-17.75368424,-17.75368424,-17.75368424,-17.75368424
Turks and Caicos Islands,TCA,0,0,0,0,0,0,0,,0,0,0,0,0,0,0,0,0,0,0,0,0,,0,0,0,0,0,0
Chad,TCD,-48.23509029,13.53139234,-0.197793939,10.8432913,9.741087652,3.317843432,2.918139933,,48.23509029,-2.008380333,38.26192418,48.23509029,48.23509029,48.23509029,-39.74134911,39.74134911,9.262458518,21.48824082,33.53590277,17.30111688,6.929203765,,19.47450461,20.9456437,26.69037422,17.03347561,34.06889502,-1.143719944
East Asia & Pacific (IDA & IBRD countries),TEA,0,0,0,0,0,0,0,,0,0,0,0,0,0,0,0,0,0,0,0,0,,0,0,0,0,0,0
Europe & Central Asia (IDA & IBRD countries),TEC,0,0,0,0,0,0,0,,0,0,0,0,0,0,0,0,0,0,0,0,0,,0,0,0,0,0,0
Togo,TGO,-442.0813084,124.017092,-1.812808949,99.38027227,89.27842258,30.40849631,26.74515818,,-100.655069,1.223882845,61.50941451,53.79924372,-69.5793101,-3.806599118,-220.8434857,220.8434857,51.47167047,119.4105915,186.3596941,96.14265855,38.50572633,,24.20006863,117.1729559,110.8176384,87.05866845,121.4877842,-0.814284707
Thailand,THA,-1871.580174,525.0344818,-7.674645419,420.7328918,377.9660495,128.7363608,113.2273789,,763.4840876,-48.0008496,270.5296559,368.7243485,222.7377256,32.32831145,-1476.958467,1476.958467,344.2325649,798.594913,1246.337547,642.9834829,257.5188413,,731.2656772,693.3395125,571.9640661,535.9371435,614.0476182,69.35370677
Tajikistan,TJK,-18.1578366,5.093818829,-0.074458449,4.081897857,3.666979306,1.24898406,1.098517858,,10.55459872,-0.689657016,-1.185446585,2.115598735,2.870291891,-3.628622358,-22.88963017,22.88963017,5.334852859,12.3764768,19.31550964,9.964839536,3.990979549,,22.88963017,14.19725403,-13.03230941,22.88963017,-0.710602581,-14.44833772
Turkmenistan,TKM,69.65731797,-19.54097097,0.285638427,-15.65902718,-14.06731149,-4.791368141,-4.214147833,,-69.65731797,4.718082767,-21.73604025,36.66123483,-19.18929467,7.477160245,108.6679014,-108.6679014,-25.32706995,-58.75698956,-91.69986065,-47.30780672,-18.94706769,,23.77340542,-74.06733274,-108.6679014,185.9674871,88.37951437,86.25123646
Latin America & the Caribbean (IDA & IBRD countries),TLA,0,0,0,0,0,0,0,,0,0,0,0,0,0,0,0,0,0,0,0,0,,0,0,0,0,0,0
Timor-Leste,TLS,0,0,0,0,0,0,0,,0,0,0,0,0,0,0,0,0,0,0,0,0,,0,0,0,0,0,0
Middle East & North Africa (IDA & IBRD countries),TMN,0,0,0,0,0,0,0,,0,0,0,0,0,0,0,0,0,0,0,0,0,,0,0,0,0,0,0
Tonga,TON,0,0,0,0,0,0,0,,0,0,0,0,0,0,0,0,0,0,0,0,0,,0,0,0,0,0,0
South Asia (IDA & IBRD),TSA,0,0,0,0,0,0,0,,0,0,0,0,0,0,0,0,0,0,0,0,0,,0,0,0,0,0,0
Sub-Saharan Africa (IDA & IBRD countries),TSS,0,0,0,0,0,0,0,,0,0,0,0,0,0,0,0,0,0,0,0,0,,0,0,0,0,0,0
Trinidad and Tobago,TTO,0,0,0,0,0,0,0,,0,0,0,0,0,0,0,0,0,0,0,0,0,,0,0,0,0,0,0
Tunisia,TUN,-70.72773484,19.84125506,-0.290027803,15.89965785,14.28348243,4.864996604,4.278906211,,35.34971933,0.428632923,70.72773484,70.72773484,32.36240025,22.33816157,-53.04654944,53.04654944,12.36348224,28.6823939,44.76355142,23.09344228,9.249065731,,-8.432579107,10.80289075,14.6313071,-13.75855141,-21.62024048,-10.17601334
Turkiye,TUR,-27.46181934,7.703865582,-0.112610578,6.173441472,5.545920774,1.888957113,1.661392799,,19.394708,-1.000471387,15.24216999,20.85956801,8.902763054,6.586784572,-20.65963637,20.65963637,4.815111444,11.17071392,17.4337201,8.994027417,3.602163322,,-149.1988129,-412.799515,-33.30524009,-4.422403881,-69.47246917,-20.96694715
Tuvalu,TUV,0,0,0,0,0,0,0,,0,0,0,0,0,0,0,0,0,0,0,0,0,,0,0,0,0,0,0
Tanzania,TZA,-305.4976179,85.70126236,-1.252730674,68.67613689,61.69531467,21.01360771,18.48208002,,102.850581,-1.068305255,-148.096161,-81.7398304,3.973489943,6.327457128,-257.8718552,257.8718552,60.10181877,139.4319179,217.6062378,112.2626988,44.96190165,,-74.75809571,-75.53527264,20.23783967,-37.68478912,3.203291562,146.9277523
Uganda,UGA,-266.6731961,74.80984532,-1.093526343,59.94837225,53.8547137,18.34307569,16.13326933,,120.287827,0.340988618,-63.29375861,80.12936887,37.08992795,-13.10733666,-221.8493388,221.8493388,51.7061032,119.9544587,187.2084875,96.58054963,38.6811044,,-7.878041068,45.08357481,184.2687262,63.44035659,151.3630735,125.7431299
Ukraine,UKR,73.23124505,-20.54356491,0.300293756,-16.46244918,-14.78906689,-5.037200178,-4.430364269,,-10.75817887,3.188754363,-16.22295523,-70.29110769,16.84894005,-33.43178226,55.26959775,-55.26959775,-12.88160488,-29.88440134,-46.63947999,-24.06123073,-9.63667096,,-44.54645392,-41.88441422,-38.6335742,-45.79835106,-55.26959775,-29.82837292
Upper middle income,UMC,0,0,0,0,0,0,0,,0,0,0,0,0,0,0,0,0,0,0,0,0,,0,0,0,0,0,0
Uruguay,URY,674.5130704,-189.2211861,2.765924066,-151.6311396,-136.2180707,-46.39628011,-40.80687968,,273.768981,-10.54239182,-108.4045458,493.9367026,98.95800544,246.336097,513.06329,-513.06329,-119.5789159,-277.4145262,-432.9505917,-223.3584955,-89.4564518,,123.7525451,-300.9120588,327.4104156,-93.97063285,-202.5629322,-109.9896708
United States,USA,-8198.366417,2299.88815,-33.618413,1843.00008,1655.661996,563.9234011,495.987056,,1484.242243,53.6005896,1728.388123,517.2388012,2106.746026,-1315.911891,-4845.279717,4845.279717,1129.282307,2619.854126,4088.709446,2109.358453,844.8110397,,967.4842533,614.1542084,-981.0962925,2046.462411,1405.356998,213.1891799
Uzbekistan,UZB,-82.29468975,23.08613352,-0.337459529,18.49991963,16.61943165,5.660627858,4.978687072,,72.85508452,-4.356060188,34.5680276,-16.51341101,22.84913839,-19.57905507,-92.39369856,92.39369856,21.53406513,49.95748986,77.96680689,40.22294696,16.10953776,,92.39369856,92.39369856,-41.64314658,9.193177912,1.617008502,-35.00205949
St. Vincent and the Grenadines,VCT,0,0,0,0,0,0,0,,0,0,0,0,0,0,0,0,0,0,0,0,0,,0,0,0,0,0,0
"Venezuela, RB",VEN,0,0,0,0,0,0,0,,0,0,0,0,0,0,0,0,0,0,0,0,0,,0,0,0,0,0,0
British Virgin Islands,VGB,0,0,0,0,0,0,0,,0,0,0,0,0,0,0,0,0,0,0,0,0,,0,0,0,0,0,0
Virgin Islands (U.S.),VIR,0,0,0,0,0,0,0,,0,0,0,0,0,0,0,0,0,0,0,0,0,,0,0,0,0,0,0
Viet Nam,VNM,-250.7033258,70.3298168,-1.028039919,56.35833117,50.6295947,17.24459056,15.16711967,,83.67400239,-4.134971587,31.84350953,30.3947432,-2.491100644,-12.33449809,-300.9546326,300.9546326,70.14305912,162.7268768,253.9618187,131.018483,52.47370862,,86.82311531,89.68089142,92.1092353,109.3846174,88.33968073,-13.4416918
Vanuatu,VUT,0,0,0,0,0,0,0,,0,0,0,0,0,0,0,0,0,0,0,0,0,,0,0,0,0,0,0
World,WLD,0,0,0,0,0,0,0,,0,0,0,0,0,0,0,0,0,0,0,0,0,,0,0,0,0,0,0
Samoa,WSM,0,0,0,0,0,0,0,,0,0,0,0,0,0,0,0,0,0,0,0,0,,0,0,0,0,0,0
Kosovo,XKX,0,0,0,0,0,0,0,,0,0,0,0,0,0,0,0,0,0,0,0,0,,0,0,0,0,0,0
"Yemen, Rep.",YEM,-129.5643825,36.34670284,-0.531294736,29.12618871,26.16555705,8.912066566,7.838422116,,74.67804017,-2.57144471,33.32278592,58.0209988,35.83120131,-21.07901165,-38.67393973,38.67393973,9.013678964,20.91109007,32.63516493,16.83642771,6.743092895,,24.20517205,12.79163543,0.789079945,-0.781406843,5.115540501,-1.92163311
South Africa,ZAF,-832.7129264,233.6009998,-3.414642094,187.1946083,168.1665683,57.27803341,50.37769866,,-150.2095383,3.818542566,112.9218034,155.0045647,27.22941576,26.57783396,-529.1391422,529.1391422,123.3256914,286.1067772,446.5162664,230.3570047,92.25939779,,529.1391422,286.0348157,-219.0073051,409.9556284,394.5829704,-82.96444132
Zambia,ZMB,-479.9388427,134.637268,-1.968048439,107.8906797,96.92376039,33.01252111,29.03547384,,197.6310994,-8.104203344,479.9388427,100.971275,-58.2505033,-2.513730317,-362.1019651,362.1019651,84.39457909,195.7893832,305.5612496,157.6385442,63.13520693,,288.173,279.8953323,361.0248696,337.1137617,327.9128839,321.9968148
Zimbabwe,ZWE,-592.5492695,166.2278768,-2.429821388,133.2056041,119.6654622,40.75841239,35.84821082,,592.5492695,14.27125494,592.5492695,272.1717606,592.5492695,185.5503282,-227.2839738,227.2839738,52.97274568,122.8929786,191.7945268,98.94647976,39.62867397,,141.7910318,166.0314468,136.1758413,222.1132509,196.1134809,175.7358087
,,,,,,,,,,,,,,,,,,,,,,,,,,,,,
,,,,,,,,,,,,,,,,,,,,,,,,,,,,,
,,,,,,,,,,,,,,,,,,,,,,,,,,,,,
,,,,,,,,,,,,,,,,,,,,,,,,,,,,,